<?xml version="1.0" encoding="UTF-8"?>
<jwnl_properties language="en">
    <version publisher="?" number="0.0" language="en"/>
    <dictionary class="net.sf.extjwnl.dictionary.MemoryDictionary">
        <param name="morphological_processor" value="net.sf.extjwnl.dictionary.morph.DefaultMorphologicalProcessor">
            <param name="operations">
                <param value="net.sf.extjwnl.dictionary.morph.LookupExceptionsOperation"/>
                <param value="net.sf.extjwnl.dictionary.morph.DetachSuffixesOperation">
                    <param name="noun" value="|s=|ses=s|xes=x|zes=z|ches=ch|shes=sh|men=man|ies=y|"/>
                    <param name="verb" value="|s=|ies=y|es=e|es=|ed=e|ed=|ing=e|ing=|"/>
                    <param name="adjective" value="|er=|est=|er=e|est=e|"/>
                    <param name="operations">
                        <param value="net.sf.extjwnl.dictionary.morph.LookupIndexWordOperation"/>
                        <param value="net.sf.extjwnl.dictionary.morph.LookupExceptionsOperation"/>
                    </param>
                </param>
                <param value="net.sf.extjwnl.dictionary.morph.TokenizerOperation">
                    <param name="delimiters">
                        <param value=" "/>
                        <param value="-"/>
                    </param>
                    <param name="token_operations">
                        <param value="net.sf.extjwnl.dictionary.morph.LookupIndexWordOperation"/>
                        <param value="net.sf.extjwnl.dictionary.morph.LookupExceptionsOperation"/>
                        <param value="net.sf.extjwnl.dictionary.morph.DetachSuffixesOperation">
                            <param name="noun" value="|s=|ses=s|xes=x|zes=z|ches=ch|shes=sh|men=man|ies=y|"/>
                            <param name="verb" value="|s=|ies=y|es=e|es=|ed=e|ed=|ing=e|ing=|"/>
                            <param name="adjective" value="|er=|est=|er=e|est=e|"/>
                            <param name="operations">
                                <param value="net.sf.extjwnl.dictionary.morph.LookupIndexWordOperation"/>
                                <param value="net.sf.extjwnl.dictionary.morph.LookupExceptionsOperation"/>
                            </param>
                        </param>
                    </param>
                </param>
            </param>
        </param>
        <param name="dictionary_element_factory" value="net.sf.extjwnl.data.MapDictionaryElementFactory"/>
    </dictionary>
    <resource class="net.sf.extjwnl.princeton.PrincetonResource"/>
</jwnl_properties>